Model,MAE,MSE,RMSE,R2,MAPE
LightGBM,466.2470034875246,447716.26106058643,669.1160295947083,0.999557729641487,1.8385327038254535
XGBoost,473.3325950520833,456161.9207625008,675.3976019816037,0.9995493867125628,1.8664255467140627
Extra Trees,489.9759855555555,516623.3690788555,718.7651696339045,0.9994896607013616,1.9263562627921171
Bagging,497.38104999999996,537779.5392699667,733.3345343497514,0.9994687618692463,1.930932251169951
Random Forest,498.8804577777778,539356.9648945408,734.4092625331879,0.999467203631011,1.9353788097437665
Decision Tree,710.5383333333333,1101665.4603333334,1049.6025249270951,0.9989117349078437,2.7257802556667903
Gradient Boosting,712.7569282994132,1131356.3358371048,1063.6523566641051,0.9988824051843207,2.9501612815189096
KNN,4299.771866666667,66694911.860026665,8166.695283897071,0.9341163474620047,12.59912221180947
Ridge,11420.942948942748,185657330.902631,13625.613046855213,0.8166009559171238,56.805029084213764
Lasso,11422.831472088521,185666339.62279925,13625.943623206404,0.8165920567766523,56.84084736896514
Linear Regression,11422.994642292117,185672881.58404705,13626.183676438794,0.8165855943900961,56.84292650603568
